WH,CostPerUnit
PLANT15,1.415063377
PLANT17,0.428946587
PLANT18,2.03625376
PLANT05,0.488144385
PLANT02,0.477503519
PLANT01,0.566976185
PLANT06,0.554088098
PLANT10,0.493581898
PLANT07,0.371423937
PLANT14,0.634329738
PLANT16,1.919807508
PLANT12,0.773131794
PLANT11,0.55524729
PLANT09,0.465071097
PLANT03,0.517501892
PLANT13,0.469707057
PLANT19,0.63976252
PLANT08,0.522857299
PLANT04,0.428503295